id,title,evidence_class,execution_status
001,"Policy/evidence boundary","DOCUMENTARY_OR_METHOD","NOT_EXECUTED_IN_THIS_FREEZE"
002,"Formal proof vs runtime enforcement","DOCUMENTARY_OR_METHOD","NOT_EXECUTED_IN_THIS_FREEZE"
003,"Policy proof vs evidence proof","DOCUMENTARY_OR_METHOD","NOT_EXECUTED_IN_THIS_FREEZE"
004,"Reproduction and audit chain","DOCUMENTARY_OR_METHOD","NOT_EXECUTED_IN_THIS_FREEZE"
005,"Policy Prover scope","DOCUMENTARY_OR_METHOD","NOT_EXECUTED_IN_THIS_FREEZE"
006,"Freeze version/config/policy/model/log/hash","DOCUMENTARY_OR_METHOD","NOT_EXECUTED_IN_THIS_FREEZE"
007,"Coverage: supported vs unsupported domains","DOCUMENTARY_OR_METHOD","NOT_EXECUTED_IN_THIS_FREEZE"
008,"Audit vs enforce","DOCUMENTARY_OR_METHOD","NOT_EXECUTED_IN_THIS_FREEZE"
009,"Blocked request never reached destination","DOCUMENTARY_OR_METHOD","NOT_EXECUTED_IN_THIS_FREEZE"
010,"Log-channel event loss","DOCUMENTARY_OR_METHOD","NOT_EXECUTED_IN_THIS_FREEZE"
011,"Evidence integrity chain","DOCUMENTARY_OR_METHOD","NOT_EXECUTED_IN_THIS_FREEZE"
012,"OCSF downgrade and attribution loss","DOCUMENTARY_OR_METHOD","NOT_EXECUTED_IN_THIS_FREEZE"
013,"Temporal reconstruction","DOCUMENTARY_OR_METHOD","NOT_EXECUTED_IN_THIS_FREEZE"
014,"Process attribution","DOCUMENTARY_OR_METHOD","NOT_EXECUTED_IN_THIS_FREEZE"
015,"Process lineage","DOCUMENTARY_OR_METHOD","NOT_EXECUTED_IN_THIS_FREEZE"
016,"Authority propagation through tools","DOCUMENTARY_OR_METHOD","NOT_EXECUTED_IN_THIS_FREEZE"
017,"Policy hot reload","DOCUMENTARY_OR_METHOD","NOT_EXECUTED_IN_THIS_FREEZE"
018,"Governance of policy changes","DOCUMENTARY_OR_METHOD","NOT_EXECUTED_IN_THIS_FREEZE"
019,"Verification/approval race","DOCUMENTARY_OR_METHOD","NOT_EXECUTED_IN_THIS_FREEZE"
020,"Approved vs loaded","DOCUMENTARY_OR_METHOD","NOT_EXECUTED_IN_THIS_FREEZE"
021,"Fail-closed invalid policy","DOCUMENTARY_OR_METHOD","NOT_EXECUTED_IN_THIS_FREEZE"
022,"Middleware fail-open/fail-closed","DOCUMENTARY_OR_METHOD","NOT_EXECUTED_IN_THIS_FREEZE"
023,"Middleware coverage boundary","DOCUMENTARY_OR_METHOD","NOT_EXECUTED_IN_THIS_FREEZE"
024,"L4 vs L7 control","DOCUMENTARY_OR_METHOD","NOT_EXECUTED_IN_THIS_FREEZE"
025,"REST access semantics","DOCUMENTARY_OR_METHOD","NOT_EXECUTED_IN_THIS_FREEZE"
026,"Effective policy reconstruction","DOCUMENTARY_OR_METHOD","NOT_EXECUTED_IN_THIS_FREEZE"
027,"Prover/effective-policy equivalence","DOCUMENTARY_OR_METHOD","NOT_EXECUTED_IN_THIS_FREEZE"
028,"Policy revision after proof","DOCUMENTARY_OR_METHOD","NOT_EXECUTED_IN_THIS_FREEZE"
029,"Provider/credential context change","DOCUMENTARY_OR_METHOD","NOT_EXECUTED_IN_THIS_FREEZE"
030,"Authorization vs model decision","DOCUMENTARY_OR_METHOD","NOT_EXECUTED_IN_THIS_FREEZE"
031,"Full evidence chain","DOCUMENTARY_OR_METHOD","NOT_EXECUTED_IN_THIS_FREEZE"
032,"Concurrent execution identity","DOCUMENTARY_OR_METHOD","NOT_EXECUTED_IN_THIS_FREEZE"
033,"Process death and child continuity","DOCUMENTARY_OR_METHOD","NOT_EXECUTED_IN_THIS_FREEZE"
034,"Executable/exec boundary","DOCUMENTARY_OR_METHOD","NOT_EXECUTED_IN_THIS_FREEZE"
035,"Authority inheritance","DOCUMENTARY_OR_METHOD","NOT_EXECUTED_IN_THIS_FREEZE"
036,"Depth of authority propagation","DOCUMENTARY_OR_METHOD","NOT_EXECUTED_IN_THIS_FREEZE"
037,"OS identity vs executable identity","DOCUMENTARY_OR_METHOD","NOT_EXECUTED_IN_THIS_FREEZE"
038,"Interpreter identity","DOCUMENTARY_OR_METHOD","NOT_EXECUTED_IN_THIS_FREEZE"
039,"Changed script under same interpreter","DOCUMENTARY_OR_METHOD","NOT_EXECUTED_IN_THIS_FREEZE"
040,"Script filesystem protection","DOCUMENTARY_OR_METHOD","NOT_EXECUTED_IN_THIS_FREEZE"
041,"Writable dependencies","DOCUMENTARY_OR_METHOD","NOT_EXECUTED_IN_THIS_FREEZE"
042,"Dynamic code loading","DOCUMENTARY_OR_METHOD","NOT_EXECUTED_IN_THIS_FREEZE"
043,"Dynamic-code provenance","DOCUMENTARY_OR_METHOD","NOT_EXECUTED_IN_THIS_FREEZE"
044,"Filesystem best-effort vs hard requirement","DOCUMENTARY_OR_METHOD","NOT_EXECUTED_IN_THIS_FREEZE"
045,"Prover vs kernel enforcement","DOCUMENTARY_OR_METHOD","NOT_EXECUTED_IN_THIS_FREEZE"
046,"Cryptographic policy binding","DOCUMENTARY_OR_METHOD","NOT_EXECUTED_IN_THIS_FREEZE"
047,"Current vs historical effective policy","DOCUMENTARY_OR_METHOD","NOT_EXECUTED_IN_THIS_FREEZE"
048,"Accepted/validated/loaded states","DOCUMENTARY_OR_METHOD","NOT_EXECUTED_IN_THIS_FREEZE"
049,"Loaded vs governed action","DOCUMENTARY_OR_METHOD","NOT_EXECUTED_IN_THIS_FREEZE"
050,"Persistent connection across policy change","DOCUMENTARY_OR_METHOD","NOT_EXECUTED_IN_THIS_FREEZE"
051,"Request/result across reload","DOCUMENTARY_OR_METHOD","NOT_EXECUTED_IN_THIS_FREEZE"
052,"Concurrent executions","DOCUMENTARY_OR_METHOD","NOT_EXECUTED_IN_THIS_FREEZE"
053,"Original process dies","DOCUMENTARY_OR_METHOD","NOT_EXECUTED_IN_THIS_FREEZE"
054,"PID reuse","DOCUMENTARY_OR_METHOD","NOT_EXECUTED_IN_THIS_FREEZE"
055,"Same path different binary","DOCUMENTARY_OR_METHOD","NOT_EXECUTED_IN_THIS_FREEZE"
056,"Executable digest vs historical audit","DOCUMENTARY_OR_METHOD","NOT_EXECUTED_IN_THIS_FREEZE"
057,"Interpreter vs changed script","DOCUMENTARY_OR_METHOD","NOT_EXECUTED_IN_THIS_FREEZE"
058,"Dependency changes","DOCUMENTARY_OR_METHOD","NOT_EXECUTED_IN_THIS_FREEZE"
059,"Dynamic module loading","DOCUMENTARY_OR_METHOD","NOT_EXECUTED_IN_THIS_FREEZE"
060,"Dynamic-code provenance chain","DOCUMENTARY_OR_METHOD","NOT_EXECUTED_IN_THIS_FREEZE"
061,"Evidence integrity","DOCUMENTARY_OR_METHOD","NOT_EXECUTED_IN_THIS_FREEZE"
062,"Silent evidence gap","DOCUMENTARY_OR_METHOD","NOT_EXECUTED_IN_THIS_FREEZE"
063,"External storage failure","DOCUMENTARY_OR_METHOD","NOT_EXECUTED_IN_THIS_FREEZE"
064,"Execution without evidence","DOCUMENTARY_OR_METHOD","NOT_EXECUTED_IN_THIS_FREEZE"
065,"Fail-closed audit/control","DOCUMENTARY_OR_METHOD","NOT_EXECUTED_IN_THIS_FREEZE"
066,"Deny with evidence unavailable","DOCUMENTARY_OR_METHOD","NOT_EXECUTED_IN_THIS_FREEZE"
067,"Audit plus middleware deny","DOCUMENTARY_OR_METHOD","NOT_EXECUTED_IN_THIS_FREEZE"
068,"WebSocket binary coverage","DOCUMENTARY_OR_METHOD","NOT_EXECUTED_IN_THIS_FREEZE"
069,"WebSocket directionality","DOCUMENTARY_OR_METHOD","NOT_EXECUTED_IN_THIS_FREEZE"
070,"HTTP response limitations","DOCUMENTARY_OR_METHOD","NOT_EXECUTED_IN_THIS_FREEZE"
071,"Middleware fail-open","DOCUMENTARY_OR_METHOD","NOT_EXECUTED_IN_THIS_FREEZE"
072,"Fail-open stream state","DOCUMENTARY_OR_METHOD","NOT_EXECUTED_IN_THIS_FREEZE"
073,"Transformation policy re-check","DOCUMENTARY_OR_METHOD","NOT_EXECUTED_IN_THIS_FREEZE"
074,"Middleware order","DOCUMENTARY_OR_METHOD","NOT_EXECUTED_IN_THIS_FREEZE"
075,"Middleware configuration identity","DOCUMENTARY_OR_METHOD","NOT_EXECUTED_IN_THIS_FREEZE"
076,"Middleware runtime availability","DOCUMENTARY_OR_METHOD","NOT_EXECUTED_IN_THIS_FREEZE"
077,"Middleware end-to-end availability","DOCUMENTARY_OR_METHOD","NOT_EXECUTED_IN_THIS_FREEZE"
078,"Capability negotiation and drift","DOCUMENTARY_OR_METHOD","NOT_EXECUTED_IN_THIS_FREEZE"
079,"Sandbox identity in middleware","DOCUMENTARY_OR_METHOD","NOT_EXECUTED_IN_THIS_FREEZE"
080,"JWT token vs request identity","DOCUMENTARY_OR_METHOD","NOT_EXECUTED_IN_THIS_FREEZE"
081,"Credential injection ordering","DOCUMENTARY_OR_METHOD","NOT_EXECUTED_IN_THIS_FREEZE"
082,"Header mutation and credential injection","DOCUMENTARY_OR_METHOD","NOT_EXECUTED_IN_THIS_FREEZE"
083,"Ordered middleware chain","DOCUMENTARY_OR_METHOD","NOT_EXECUTED_IN_THIS_FREEZE"
084,"Transformation chain continuity","DOCUMENTARY_OR_METHOD","NOT_EXECUTED_IN_THIS_FREEZE"
085,"Provider receipt proof","DOCUMENTARY_OR_METHOD","NOT_EXECUTED_IN_THIS_FREEZE"
086,"External receipt","DOCUMENTARY_OR_METHOD","NOT_EXECUTED_IN_THIS_FREEZE"
087,"Receipt-to-event correlation","DOCUMENTARY_OR_METHOD","NOT_EXECUTED_IN_THIS_FREEZE"
088,"Concurrent external receipts","DOCUMENTARY_OR_METHOD","NOT_EXECUTED_IN_THIS_FREEZE"
089,"Process death and attribution","DOCUMENTARY_OR_METHOD","NOT_EXECUTED_IN_THIS_FREEZE"
090,"PID reuse and attribution","DOCUMENTARY_OR_METHOD","NOT_EXECUTED_IN_THIS_FREEZE"
091,"Same path/different content","DOCUMENTARY_OR_METHOD","NOT_EXECUTED_IN_THIS_FREEZE"
092,"Interpreter/script identity","DOCUMENTARY_OR_METHOD","NOT_EXECUTED_IN_THIS_FREEZE"
093,"Script immutability","DOCUMENTARY_OR_METHOD","NOT_EXECUTED_IN_THIS_FREEZE"
094,"Writable dependency","DOCUMENTARY_OR_METHOD","NOT_EXECUTED_IN_THIS_FREEZE"
095,"Dynamic code","DOCUMENTARY_OR_METHOD","NOT_EXECUTED_IN_THIS_FREEZE"
096,"Dynamic-code provenance","DOCUMENTARY_OR_METHOD","NOT_EXECUTED_IN_THIS_FREEZE"
097,"TOCTOU dynamic code","DOCUMENTARY_OR_METHOD","NOT_EXECUTED_IN_THIS_FREEZE"
098,"Authorized channel vs code provenance","DOCUMENTARY_OR_METHOD","NOT_EXECUTED_IN_THIS_FREEZE"
099,"Same path/name dynamic content","DOCUMENTARY_OR_METHOD","NOT_EXECUTED_IN_THIS_FREEZE"
100,"Transitive dependencies","DOCUMENTARY_OR_METHOD","NOT_EXECUTED_IN_THIS_FREEZE"
101,"Native shared libraries","DOCUMENTARY_OR_METHOD","NOT_EXECUTED_IN_THIS_FREEZE"
102,"Filesystem containment vs attestation","DOCUMENTARY_OR_METHOD","NOT_EXECUTED_IN_THIS_FREEZE"
103,"Landlock best-effort semantics","DOCUMENTARY_OR_METHOD","NOT_EXECUTED_IN_THIS_FREEZE"
104,"Landlock enforcement identity","DOCUMENTARY_OR_METHOD","NOT_EXECUTED_IN_THIS_FREEZE"
105,"Same policy different enforcement environment","DOCUMENTARY_OR_METHOD","NOT_EXECUTED_IN_THIS_FREEZE"
106,"Base vs effective policy","DOCUMENTARY_OR_METHOD","NOT_EXECUTED_IN_THIS_FREEZE"
107,"Provider change with same base","DOCUMENTARY_OR_METHOD","NOT_EXECUTED_IN_THIS_FREEZE"
108,"Provider profile update","DOCUMENTARY_OR_METHOD","NOT_EXECUTED_IN_THIS_FREEZE"
109,"Policy alteration not yet applied","DOCUMENTARY_OR_METHOD","NOT_EXECUTED_IN_THIS_FREEZE"
110,"Before/after Loaded boundary","DOCUMENTARY_OR_METHOD","NOT_EXECUTED_IN_THIS_FREEZE"
111,"Process running during config change","DOCUMENTARY_OR_METHOD","NOT_EXECUTED_IN_THIS_FREEZE"
112,"Old process after revocation","DOCUMENTARY_OR_METHOD","NOT_EXECUTED_IN_THIS_FREEZE"
113,"Request before/after detach","DOCUMENTARY_OR_METHOD","NOT_EXECUTED_IN_THIS_FREEZE"
114,"Revocation race","DOCUMENTARY_OR_METHOD","NOT_EXECUTED_IN_THIS_FREEZE"
115,"Action before revocation/response after","DOCUMENTARY_OR_METHOD","NOT_EXECUTED_IN_THIS_FREEZE"
116,"Concurrent executions across revocation","DOCUMENTARY_OR_METHOD","NOT_EXECUTED_IN_THIS_FREEZE"
117,"Same-process concurrent operations","DOCUMENTARY_OR_METHOD","NOT_EXECUTED_IN_THIS_FREEZE"
118,"Out-of-order completion","DOCUMENTARY_OR_METHOD","NOT_EXECUTED_IN_THIS_FREEZE"
119,"Concurrent channel loss","DOCUMENTARY_OR_METHOD","NOT_EXECUTED_IN_THIS_FREEZE"
120,"Reconnect after loss","DOCUMENTARY_OR_METHOD","NOT_EXECUTED_IN_THIS_FREEZE"
121,"Gateway restart and cursor","DOCUMENTARY_OR_METHOD","NOT_EXECUTED_IN_THIS_FREEZE"
122,"Gateway/replica change","DOCUMENTARY_OR_METHOD","NOT_EXECUTED_IN_THIS_FREEZE"
123,"Two gateways same sandbox","DOCUMENTARY_OR_METHOD","NOT_EXECUTED_IN_THIS_FREEZE"
124,"Distinct events same execution context","DOCUMENTARY_OR_METHOD","NOT_EXECUTED_IN_THIS_FREEZE"
125,"Persistent keep-alive requests","DOCUMENTARY_OR_METHOD","NOT_EXECUTED_IN_THIS_FREEZE"
126,"Reload on keep-alive","DOCUMENTARY_OR_METHOD","NOT_EXECUTED_IN_THIS_FREEZE"
127,"Reload on WebSocket","DOCUMENTARY_OR_METHOD","NOT_EXECUTED_IN_THIS_FREEZE"
128,"In-flight WebSocket message","DOCUMENTARY_OR_METHOD","NOT_EXECUTED_IN_THIS_FREEZE"
129,"Fragmented WebSocket across reload","DOCUMENTARY_OR_METHOD","NOT_EXECUTED_IN_THIS_FREEZE"
130,"Incomplete WebSocket message","DOCUMENTARY_OR_METHOD","NOT_EXECUTED_IN_THIS_FREEZE"
131,"Payload limit semantics","DOCUMENTARY_OR_METHOD","NOT_EXECUTED_IN_THIS_FREEZE"
132,"Content-Length vs consumed body","DOCUMENTARY_OR_METHOD","NOT_EXECUTED_IN_THIS_FREEZE"
133,"Fail-open after limit","DOCUMENTARY_OR_METHOD","NOT_EXECUTED_IN_THIS_FREEZE"
134,"Middleware stage-specific failure","DOCUMENTARY_OR_METHOD","NOT_EXECUTED_IN_THIS_FREEZE"
135,"Transformation to prohibited payload","DOCUMENTARY_OR_METHOD","NOT_EXECUTED_IN_THIS_FREEZE"
136,"Successive transformation re-check","DOCUMENTARY_OR_METHOD","NOT_EXECUTED_IN_THIS_FREEZE"
137,"Later transformation cannot broaden authority","DOCUMENTARY_OR_METHOD","NOT_EXECUTED_IN_THIS_FREEZE"
138,"Intermediate result authorization","DOCUMENTARY_OR_METHOD","NOT_EXECUTED_IN_THIS_FREEZE"
139,"Validated state into next stage","DOCUMENTARY_OR_METHOD","NOT_EXECUTED_IN_THIS_FREEZE"
140,"Transformation continuity vs delivery","DOCUMENTARY_OR_METHOD","NOT_EXECUTED_IN_THIS_FREEZE"
141,"Final transformed state delivery","DOCUMENTARY_OR_METHOD","NOT_EXECUTED_IN_THIS_FREEZE"
142,"Last recheck vs final wire","DOCUMENTARY_OR_METHOD","NOT_EXECUTED_IN_THIS_FREEZE"
143,"Credential injection after recheck","DOCUMENTARY_OR_METHOD","NOT_EXECUTED_IN_THIS_FREEZE"
144,"Credential authorization vs request","DOCUMENTARY_OR_METHOD","NOT_EXECUTED_IN_THIS_FREEZE"
145,"Network vs credential barrier","DOCUMENTARY_OR_METHOD","NOT_EXECUTED_IN_THIS_FREEZE"
146,"Network expansion cannot expand credential","DOCUMENTARY_OR_METHOD","NOT_EXECUTED_IN_THIS_FREEZE"
147,"Overlapping network rules","DOCUMENTARY_OR_METHOD","NOT_EXECUTED_IN_THIS_FREEZE"
148,"Network deny despite credential","DOCUMENTARY_OR_METHOD","NOT_EXECUTED_IN_THIS_FREEZE"
149,"Allow cannot neutralize deny","DOCUMENTARY_OR_METHOD","NOT_EXECUTED_IN_THIS_FREEZE"
150,"Provider-layer deny","DOCUMENTARY_OR_METHOD","NOT_EXECUTED_IN_THIS_FREEZE"
151,"Provider allow vs base deny","DOCUMENTARY_OR_METHOD","NOT_EXECUTED_IN_THIS_FREEZE"
152,"Provider deny vs broad allow","DOCUMENTARY_OR_METHOD","NOT_EXECUTED_IN_THIS_FREEZE"
153,"Global policy replacement","DOCUMENTARY_OR_METHOD","NOT_EXECUTED_IN_THIS_FREEZE"
154,"Global policy removal","DOCUMENTARY_OR_METHOD","NOT_EXECUTED_IN_THIS_FREEZE"
155,"Global delete vs effective restoration","DOCUMENTARY_OR_METHOD","NOT_EXECUTED_IN_THIS_FREEZE"
156,"Global policy effective timing","DOCUMENTARY_OR_METHOD","NOT_EXECUTED_IN_THIS_FREEZE"
157,"Exact loaded revision identity","DOCUMENTARY_OR_METHOD","NOT_EXECUTED_IN_THIS_FREEZE"
158,"Accepted revision superseded","DOCUMENTARY_OR_METHOD","NOT_EXECUTED_IN_THIS_FREEZE"
159,"Loaded revision vs action","DOCUMENTARY_OR_METHOD","NOT_EXECUTED_IN_THIS_FREEZE"
160,"Agent policy snapshot","DOCUMENTARY_OR_METHOD","NOT_EXECUTED_IN_THIS_FREEZE"
161,"Stale agent policy snapshot","DOCUMENTARY_OR_METHOD","NOT_EXECUTED_IN_THIS_FREEZE"
162,"Proposal vs authorized policy","DOCUMENTARY_OR_METHOD","NOT_EXECUTED_IN_THIS_FREEZE"
163,"Proposal revalidation","DOCUMENTARY_OR_METHOD","NOT_EXECUTED_IN_THIS_FREEZE"
164,"Proposal stale at approval","DOCUMENTARY_OR_METHOD","NOT_EXECUTED_IN_THIS_FREEZE"
165,"Approval affects pending proposals","DOCUMENTARY_OR_METHOD","NOT_EXECUTED_IN_THIS_FREEZE"
166,"Risk result freshness","DOCUMENTARY_OR_METHOD","NOT_EXECUTED_IN_THIS_FREEZE"
167,"Proposal outside recheck window","DOCUMENTARY_OR_METHOD","NOT_EXECUTED_IN_THIS_FREEZE"
168,"Fresh approval check","DOCUMENTARY_OR_METHOD","NOT_EXECUTED_IN_THIS_FREEZE"
169,"Approved candidate identity","DOCUMENTARY_OR_METHOD","NOT_EXECUTED_IN_THIS_FREEZE"
170,"Approved vs loaded","DOCUMENTARY_OR_METHOD","NOT_EXECUTED_IN_THIS_FREEZE"
171,"Loaded revision identity","DOCUMENTARY_OR_METHOD","NOT_EXECUTED_IN_THIS_FREEZE"
172,"Loaded vs action","DOCUMENTARY_OR_METHOD","NOT_EXECUTED_IN_THIS_FREEZE"
173,"Loaded vs effective authority","DOCUMENTARY_OR_METHOD","NOT_EXECUTED_IN_THIS_FREEZE"
174,"Prover PASS vs auto-approval","DOCUMENTARY_OR_METHOD","NOT_EXECUTED_IN_THIS_FREEZE"
175,"Prover coverage vs risk coverage","DOCUMENTARY_OR_METHOD","NOT_EXECUTED_IN_THIS_FREEZE"
176,"Risk context binding","DOCUMENTARY_OR_METHOD","NOT_EXECUTED_IN_THIS_FREEZE"
177,"Presented proposal vs valid proposal","DOCUMENTARY_OR_METHOD","NOT_EXECUTED_IN_THIS_FREEZE"
178,"Proposal identity vs candidate identity","DOCUMENTARY_OR_METHOD","NOT_EXECUTED_IN_THIS_FREEZE"
179,"Approval invalidates other proposals","DOCUMENTARY_OR_METHOD","NOT_EXECUTED_IN_THIS_FREEZE"
180,"Old risk result vs current","DOCUMENTARY_OR_METHOD","NOT_EXECUTED_IN_THIS_FREEZE"
181,"32-item recheck window","DOCUMENTARY_OR_METHOD","NOT_EXECUTED_IN_THIS_FREEZE"
182,"Bulk approval granularity","DOCUMENTARY_OR_METHOD","NOT_EXECUTED_IN_THIS_FREEZE"
183,"Bulk operation vs bulk evidence","DOCUMENTARY_OR_METHOD","NOT_EXECUTED_IN_THIS_FREEZE"
184,"Approve-all security skips","DOCUMENTARY_OR_METHOD","NOT_EXECUTED_IN_THIS_FREEZE"
185,"Partial command success","DOCUMENTARY_OR_METHOD","NOT_EXECUTED_IN_THIS_FREEZE"
186,"Skipped vs rejected vs approved","DOCUMENTARY_OR_METHOD","NOT_EXECUTED_IN_THIS_FREEZE"
187,"Rejection identity/reason","DOCUMENTARY_OR_METHOD","NOT_EXECUTED_IN_THIS_FREEZE"
188,"Rejected proposal history","DOCUMENTARY_OR_METHOD","NOT_EXECUTED_IN_THIS_FREEZE"
189,"Corrected proposal linkage","DOCUMENTARY_OR_METHOD","NOT_EXECUTED_IN_THIS_FREEZE"
190,"Validation version binding","DOCUMENTARY_OR_METHOD","NOT_EXECUTED_IN_THIS_FREEZE"
191,"Validation vs enforcement","DOCUMENTARY_OR_METHOD","NOT_EXECUTED_IN_THIS_FREEZE"
192,"Current policy snapshot","DOCUMENTARY_OR_METHOD","NOT_EXECUTED_IN_THIS_FREEZE"
193,"Policy snapshot TOCTOU","DOCUMENTARY_OR_METHOD","NOT_EXECUTED_IN_THIS_FREEZE"
194,"Current vs historical state","DOCUMENTARY_OR_METHOD","NOT_EXECUTED_IN_THIS_FREEZE"
195,"Historical revision vs historical governance","DOCUMENTARY_OR_METHOD","NOT_EXECUTED_IN_THIS_FREEZE"
196,"Historical revision vs complete authority","DOCUMENTARY_OR_METHOD","NOT_EXECUTED_IN_THIS_FREEZE"
197,"Provider context for history","DOCUMENTARY_OR_METHOD","NOT_EXECUTED_IN_THIS_FREEZE"
198,"Shared profile authority","DOCUMENTARY_OR_METHOD","NOT_EXECUTED_IN_THIS_FREEZE"
199,"Profile sync divergence","DOCUMENTARY_OR_METHOD","NOT_EXECUTED_IN_THIS_FREEZE"
200,"Profile update vs effective authority","DOCUMENTARY_OR_METHOD","NOT_EXECUTED_IN_THIS_FREEZE"
201,"Ready vs existing processes","DOCUMENTARY_OR_METHOD","NOT_EXECUTED_IN_THIS_FREEZE"
202,"Ready vs existing credentials","DOCUMENTARY_OR_METHOD","NOT_EXECUTED_IN_THIS_FREEZE"
203,"Credential rotation vs process rotation","DOCUMENTARY_OR_METHOD","NOT_EXECUTED_IN_THIS_FREEZE"
204,"Stable handle vs changing token","DOCUMENTARY_OR_METHOD","NOT_EXECUTED_IN_THIS_FREEZE"
205,"Credential authorization epochs","DOCUMENTARY_OR_METHOD","NOT_EXECUTED_IN_THIS_FREEZE"
206,"Action across credential revocation","DOCUMENTARY_OR_METHOD","NOT_EXECUTED_IN_THIS_FREEZE"
207,"Concurrent actions across epochs","DOCUMENTARY_OR_METHOD","NOT_EXECUTED_IN_THIS_FREEZE"
208,"Evidence absence vs action absence","DOCUMENTARY_OR_METHOD","NOT_EXECUTED_IN_THIS_FREEZE"
209,"OUT_OF_RANGE recovery","DOCUMENTARY_OR_METHOD","NOT_EXECUTED_IN_THIS_FREEZE"
210,"Gateway restart and observation continuity","DOCUMENTARY_OR_METHOD","NOT_EXECUTED_IN_THIS_FREEZE"
211,"Action across gateway restart","DOCUMENTARY_OR_METHOD","NOT_EXECUTED_IN_THIS_FREEZE"
212,"External execution with lost internal timing","DOCUMENTARY_OR_METHOD","NOT_EXECUTED_IN_THIS_FREEZE"
213,"External receipt vs causal attribution","DOCUMENTARY_OR_METHOD","NOT_EXECUTED_IN_THIS_FREEZE"
214,"Same content vs execution","DOCUMENTARY_OR_METHOD","NOT_EXECUTED_IN_THIS_FREEZE"
215,"Same request under different policy","DOCUMENTARY_OR_METHOD","NOT_EXECUTED_IN_THIS_FREEZE"
216,"Two same-process operations","DOCUMENTARY_OR_METHOD","NOT_EXECUTED_IN_THIS_FREEZE"
217,"Partial identity plus gap","DOCUMENTARY_OR_METHOD","NOT_EXECUTED_IN_THIS_FREEZE"
218,"Internal proof vs external effect","DOCUMENTARY_OR_METHOD","NOT_EXECUTED_IN_THIS_FREEZE"
219,"External receipt without internal authorship","DOCUMENTARY_OR_METHOD","NOT_EXECUTED_IN_THIS_FREEZE"
220,"Validated vs delivered state","DOCUMENTARY_OR_METHOD","NOT_EXECUTED_IN_THIS_FREEZE"
221,"Credential injection evidence boundary","DOCUMENTARY_OR_METHOD","NOT_EXECUTED_IN_THIS_FREEZE"
222,"Transformation chain to final delivery","DOCUMENTARY_OR_METHOD","NOT_EXECUTED_IN_THIS_FREEZE"
223,"Policy change during transformation","DOCUMENTARY_OR_METHOD","NOT_EXECUTED_IN_THIS_FREEZE"
224,"Policy effective during middleware","DOCUMENTARY_OR_METHOD","NOT_EXECUTED_IN_THIS_FREEZE"
225,"Policy generation and connections","DOCUMENTARY_OR_METHOD","NOT_EXECUTED_IN_THIS_FREEZE"
226,"WebSocket generation boundary","DOCUMENTARY_OR_METHOD","NOT_EXECUTED_IN_THIS_FREEZE"
227,"In-flight WebSocket reload","DOCUMENTARY_OR_METHOD","NOT_EXECUTED_IN_THIS_FREEZE"
228,"Fragmentation across policy generation","DOCUMENTARY_OR_METHOD","NOT_EXECUTED_IN_THIS_FREEZE"
229,"Fragmentation not multiple operations","DOCUMENTARY_OR_METHOD","NOT_EXECUTED_IN_THIS_FREEZE"
230,"Payload/capacity vs security decision","DOCUMENTARY_OR_METHOD","NOT_EXECUTED_IN_THIS_FREEZE"
231,"Middleware chain failure scope","DOCUMENTARY_OR_METHOD","NOT_EXECUTED_IN_THIS_FREEZE"
232,"Fail-open after transformation","DOCUMENTARY_OR_METHOD","NOT_EXECUTED_IN_THIS_FREEZE"
233,"Multiple transformation states","DOCUMENTARY_OR_METHOD","NOT_EXECUTED_IN_THIS_FREEZE"
234,"Final wire proof","DOCUMENTARY_OR_METHOD","NOT_EXECUTED_IN_THIS_FREEZE"
235,"External final-request proof","DOCUMENTARY_OR_METHOD","NOT_EXECUTED_IN_THIS_FREEZE"
236,"External receipt without authorship","DOCUMENTARY_OR_METHOD","NOT_EXECUTED_IN_THIS_FREEZE"
237,"Token/request/execution identity","DOCUMENTARY_OR_METHOD","NOT_EXECUTED_IN_THIS_FREEZE"
238,"OCSF event vs execution","DOCUMENTARY_OR_METHOD","NOT_EXECUTED_IN_THIS_FREEZE"
239,"Missing event with external proof","DOCUMENTARY_OR_METHOD","NOT_EXECUTED_IN_THIS_FREEZE"
240,"OUT_OF_RANGE as observation boundary","DOCUMENTARY_OR_METHOD","NOT_EXECUTED_IN_THIS_FREEZE"
241,"Gateway restart during execution","DOCUMENTARY_OR_METHOD","NOT_EXECUTED_IN_THIS_FREEZE"
242,"Sandbox recovery and running execution","DOCUMENTARY_OR_METHOD","NOT_EXECUTED_IN_THIS_FREEZE"
243,"Current policy after restart","DOCUMENTARY_OR_METHOD","NOT_EXECUTED_IN_THIS_FREEZE"
244,"Provider context after restart","DOCUMENTARY_OR_METHOD","NOT_EXECUTED_IN_THIS_FREEZE"
245,"Same request, different policy context","DOCUMENTARY_OR_METHOD","NOT_EXECUTED_IN_THIS_FREEZE"
246,"Two executions, same content and different authority","DOCUMENTARY_OR_METHOD","NOT_EXECUTED_IN_THIS_FREEZE"
247,"External receipt matched to exact execution","DOCUMENTARY_OR_METHOD","NOT_EXECUTED_IN_THIS_FREEZE"
248,"Lost internal event with preserved local evidence","DOCUMENTARY_OR_METHOD","NOT_EXECUTED_IN_THIS_FREEZE"
249,"Lost local event with preserved gateway evidence","DOCUMENTARY_OR_METHOD","NOT_EXECUTED_IN_THIS_FREEZE"
250,"Gateway and local evidence disagreement","DOCUMENTARY_OR_METHOD","NOT_EXECUTED_IN_THIS_FREEZE"
251,"Duplicate observation vs duplicate execution","DOCUMENTARY_OR_METHOD","NOT_EXECUTED_IN_THIS_FREEZE"
252,"Duplicate receipt vs duplicate execution","DOCUMENTARY_OR_METHOD","NOT_EXECUTED_IN_THIS_FREEZE"
253,"Same nonce reuse detection","DOCUMENTARY_OR_METHOD","NOT_EXECUTED_IN_THIS_FREEZE"
254,"Nonce uniqueness across concurrent runs","DOCUMENTARY_OR_METHOD","NOT_EXECUTED_IN_THIS_FREEZE"
255,"Clock skew between internal and external evidence","DOCUMENTARY_OR_METHOD","NOT_EXECUTED_IN_THIS_FREEZE"
256,"Timestamp precision boundary","DOCUMENTARY_OR_METHOD","NOT_EXECUTED_IN_THIS_FREEZE"
257,"Receipt received before internal event","DOCUMENTARY_OR_METHOD","NOT_EXECUTED_IN_THIS_FREEZE"
258,"Response after authorization revocation","DOCUMENTARY_OR_METHOD","NOT_EXECUTED_IN_THIS_FREEZE"
259,"Provider profile update during concurrency","DOCUMENTARY_OR_METHOD","NOT_EXECUTED_IN_THIS_FREEZE"
260,"Provider profile update across sandboxes","DOCUMENTARY_OR_METHOD","NOT_EXECUTED_IN_THIS_FREEZE"
261,"Existing process with rotated credential","DOCUMENTARY_OR_METHOD","NOT_EXECUTED_IN_THIS_FREEZE"
262,"New process after credential rotation","DOCUMENTARY_OR_METHOD","NOT_EXECUTED_IN_THIS_FREEZE"
263,"Credential epoch transition evidence","DOCUMENTARY_OR_METHOD","NOT_EXECUTED_IN_THIS_FREEZE"
264,"Revoked provider with old process","DOCUMENTARY_OR_METHOD","NOT_EXECUTED_IN_THIS_FREEZE"
265,"Revoked provider with new process","DOCUMENTARY_OR_METHOD","NOT_EXECUTED_IN_THIS_FREEZE"
266,"Action crossing provider epoch","DOCUMENTARY_OR_METHOD","NOT_EXECUTED_IN_THIS_FREEZE"
267,"Policy and provider changes simultaneously","DOCUMENTARY_OR_METHOD","NOT_EXECUTED_IN_THIS_FREEZE"
268,"Global policy and provider layer interaction","DOCUMENTARY_OR_METHOD","NOT_EXECUTED_IN_THIS_FREEZE"
269,"Global policy removal with provider restoration","DOCUMENTARY_OR_METHOD","NOT_EXECUTED_IN_THIS_FREEZE"
270,"Historical reconstruction after gateway restart","DOCUMENTARY_OR_METHOD","NOT_EXECUTED_IN_THIS_FREEZE"
271,"Historical reconstruction after profile update","DOCUMENTARY_OR_METHOD","NOT_EXECUTED_IN_THIS_FREEZE"
272,"Final V1 corpus integrity","DOCUMENTARY_OR_METHOD","NOT_EXECUTED_IN_THIS_FREEZE"
273,"N’KEMBA V1 freeze manifest","DOCUMENTARY_OR_METHOD","NOT_EXECUTED_IN_THIS_FREEZE"
274,"Source snapshot boundary","DOCUMENTARY_OR_METHOD","NOT_EXECUTED_IN_THIS_FREEZE"